,Model_2_10classes,Model_Cos_10classes,Model_2_5classes,Model_Cos_5classes,Model_2_3classes,Model_Cos_3classes
artery,0.067029,0.097127,0.053589,0.057631,0.026906,0.069298
liver,0.202668,0.233192,0.344574,0.234624,0.044894,0.202474
stomach,0.280555,0.294468,0.261184,0.288442,0.214161,0.271111
vein,0.238516,0.282075,0.424411,0.280163,0.101943,0.301846
